BIKE NAME,Accessory Name,MRP,Price,Image 1
"APRILIA RS 457","Spools M6",1000,849,""
"APRILIA TUONO 457","Spools M6",1000,849,""
"APRILIA RS 457","Swing arm sliders rear",1500,1269,""
"APRILIA TUONO 457","Swing arm sliders rear",1500,1269,""
"APRILIA RS 457","Fork sliders Front",1500,1269,""
"APRILIA TUONO 457","Fork sliders Front",1500,1269,""
"APRILIA RS 457","Frame Sliders",6000,5099,""
"APRILIA TUONO 457","Frame Sliders",6000,5099,""
"APRILIA RS 457","Rear Master Cylinder Gaurd",800,679,""
"APRILIA TUONO 457","Rear Master Cylinder Gaurd",800,679,""
"APRILIA RS 457","ALU Radiator Gaurd",4000,3399,""
"APRILIA TUONO 457","ALU Radiator Gaurd",4000,3399,""
"APRILIA RS 457","Tail Tidy",1200,1049,""
"APRILIA TUONO 457","Tail Tidy",1200,1049,""
"KTM ADVENTURE 390","Spools M10",1000,849,""
"KTM ADVENTURE 250","Spools M10",1000,849,""
"KTM ENDURO","Spools M10",1000,849,""
"KTM ADVENTURE 390","Swing arm sliders rear",1100,929,""
"KTM ADVENTURE 250","Swing arm sliders rear",1100,929,""
"KTM ENDURO","Swing arm sliders rear",1100,929,""
"KTM ADVENTURE 390","Fork sliders Front",1100,929,""
"KTM ADVENTURE 250","Fork sliders Front",1100,929,""
"KTM ENDURO","Fork sliders Front",1100,929,""
"KTM ADVENTURE 390","Frame Sliders",2500,2129,""
"KTM ADVENTURE 250","Frame Sliders",2500,2129,""
"KTM ENDURO","Frame Sliders",2500,2129,""
"KTM ADVENTURE 390","ALU Radiator Guard",3500,2999,""
"KTM ADVENTURE 250","ALU Radiator Guard",3500,2999,""
"KTM ENDURO","ALU Radiator Guard",3500,2999,""
"KTM ADVENTURE 390","Mobile Holder",1000,849,""
"KTM ADVENTURE 250","Mobile Holder",1000,849,""
"KTM ENDURO","Mobile Holder",1000,849,""
"KTM ADVENTURE 390","Side stand extender",700,700,""
"KTM ADVENTURE 250","Side stand extender",700,700,""
"KTM ENDURO","Side stand extender",700,700,""
"KTM ADVENTURE 390","Fog lamp clamp",1100,929,""
"KTM ADVENTURE 250","Fog lamp clamp",1100,929,""
"KTM ENDURO","Fog lamp clamp",1100,929,""
"KTM ADVENTURE 390","Tail Tidy",1100,929,""
"KTM ADVENTURE 250","Tail Tidy",1100,929,""
"KTM ENDURO","Tail Tidy",1100,929,""
"KTM ADVENTURE 390","Tail Tidy (with light slot)",1100,929,""
"KTM ADVENTURE 250","Tail Tidy (with light slot)",1100,929,""
"KTM ENDURO","Tail Tidy (with light slot)",1100,929,""
"KTM DUKE GEN 3 390","Spools M10",1000,849,""
"KTM DUKE GEN 3 250","Spools M10",1000,849,""
"KTM DUKE GEN 3 390R","Spools M10",1000,849,""
"KTM DUKE GEN 2 390","Spools M10",1000,849,""
"KTM DUKE GEN 2 250","Spools M10",1000,849,""
"KTM DUKE GEN 2 200","Spools M10",1000,849,""
"KTM DUKE GEN 2 125","Spools M10",1000,849,""
"KTM DUKE GEN 3 390","Tail Tidy",1100,929,""
"KTM DUKE GEN 3 250","Tail Tidy",1100,929,""
"KTM DUKE GEN 3 390R","Tail Tidy",1100,929,""
"KTM DUKE GEN 2 390","Tail Tidy",1100,929,""
"KTM DUKE GEN 2 250","Tail Tidy",1100,929,""
"KTM DUKE GEN 2 200","Tail Tidy",1100,929,""
"KTM DUKE GEN 2 125","Tail Tidy",1100,929,""
"KTM DUKE GEN 3 390","ALU Radiator Guard",3500,2999,""
"KTM DUKE GEN 3 250","ALU Radiator Guard",3500,2999,""
"KTM DUKE GEN 3 390R","ALU Radiator Guard",3500,2999,""
"KTM DUKE GEN 2 390","ALU Radiator Guard",3500,2999,""
"KTM DUKE GEN 2 250","ALU Radiator Guard",3500,2999,""
"KTM DUKE GEN 2 200","ALU Radiator Guard",3500,2999,""
"KTM DUKE GEN 2 125","ALU Radiator Guard",3500,2999,""
"KTM DUKE GEN 3 390","Fork sliders Front",1100,929,""
"KTM DUKE GEN 3 250","Fork sliders Front",1100,929,""
"KTM DUKE GEN 3 390R","Fork sliders Front",1100,929,""
"KTM DUKE GEN 2 390","Fork sliders Front",1100,929,""
"KTM DUKE GEN 2 250","Fork sliders Front",1100,929,""
"KTM DUKE GEN 2 200","Fork sliders Front",1100,929,""
"KTM DUKE GEN 2 125","Fork sliders Front",1100,929,""
"KTM DUKE GEN 3 390","Swing arm sliders rear",1100,929,""
"KTM DUKE GEN 3 250","Swing arm sliders rear",1100,929,""
"KTM DUKE GEN 3 390R","Swing arm sliders rear",1100,929,""
"KTM DUKE GEN 2 390","Swing arm sliders rear",1100,929,""
"KTM DUKE GEN 2 250","Swing arm sliders rear",1100,929,""
"KTM DUKE GEN 2 200","Swing arm sliders rear",1100,929,""
"KTM DUKE GEN 2 125","Swing arm sliders rear",1100,929,""
"KTM DUKE GEN 2 390","Tailtidy (Gen 2)",920,799,""
"KTM DUKE GEN 2 250","Tailtidy (Gen 2)",920,799,""
"KTM DUKE GEN 2 200","Tailtidy (Gen 2)",920,799,""
"KTM DUKE GEN 2 125","Tailtidy (Gen 2)",920,799,""
"TVS APACHE RTX","Spools M8",1000,849,""
"TVS APACHE RTX","Fork sliders",1100,929,""
"TVS APACHE RTX","Swing arm sliders",1100,929,""
"TVS APACHE RTX","Radiator Guard",1600,1359,""
"TVS APACHE RTX","GPS Mount",1000,849,""
"RE HIMALAYAN 450","Radiator Guard",1600,1359,""
"RE HIMALAYAN 450","Fork sliders",1100,929,""
"RE HIMALAYAN 450","GPS Mount",1000,849,""
"RE HIMALAYAN 450","Rear Master Cylinder Gaurd",800,679,""
"RE HIMALAYAN 450","Top rack",1500,1500,""
"KAWASAKI KLX 230 CKD","Tailtidy",1099,929,""
"KAWASAKI KLX 230 CBU","Tailtidy",1099,929,""
"KAWASAKI KLX 230 CKD","Skidplate MS CKD",3499,2975,""
"KAWASAKI KLX 230 CBU","Skidplate MS CBU",3499,2975,""
"KAWASAKI KLX 230 CBU","Skidplate ALU CBU",4499,3829,""
